art,t,bpm,g,ln,s
Yamajet feat. Hiura Masako,Sunglow,180,2,3,1193588
Foreground Eclipse,Songs Compilation,200,4,3,765497
kradness&Reol,Remote Control,165,10,3,351630
toby fox,Last Goodbye,180,2,5,744772
Serenity,Lionheart,180,11,2,1390922
Hanatan,Attakain Dakara,170,5,3,464644
SYU (from GALNERYUS),REASON,184,11,3,989540
Nogizaka46,Yubi Bouenkyou (TV Size),180,3,3,1178935
goreshit,benzo (with me eternal),197,10,5,935733
Imperial Circus Dead Decadence,"Yomi yori Kikoyu, Koukoku no Tou to Honoo no Shoujo.",220,11,3,742961
Turbo,PADORU / PADORU,190,10,3,1073074
Kano,Prima Stella,180,5,3,1282660
Mage,The Words I Never Said,172,10,2,1470072
MISATO,Necro Fantasia,175,10,3,882839
DragonForce,My Heart Will Go On,200,11,2,1658809
Memme,Plasma Gun,180,10,5,1341551
GALNERYUS,RAISE MY SWORD,184,11,3,889855
Twilight Force,Night of Winterlight,184,11,2,1697787
positive MAD-crew,Mynarco Addiction,181,2,3,1129947
umu.,Ai no Sukima,204,5,3,966339
1914,FN .380 ACP#19074,220,11,2,1736332
ONE OK ROCK,Start Again,174,4,3,1035167
Amatsuki,Kimi no Shiranai Monogatari,165,3,3,1134367
765 MILLION ALLSTARS,UNION!!,172,2,3,919187
ViViD,HIKARI (TV Size),210,3,3,1053509
Lil Hank,Hank's Back,160,10,5,949856
xi,FREEDOM DiVE,222.22,2,5,39804
Nightwish,Yours Is an Empty Hope,90,4,2,330671
Loki,Wizard's Tower,175,11,5,985788
PassCode,STARRY SKY,185,4,3,1199549
VINXIS,Sidetracked Day,188,10,5,838182
DragonForce,Cry Thunder,130,11,2,871946
GALNERYUS,WINGS OF JUSTICE,184,11,3,1009839
t+pazolite,Oshama Scramble! (IOException Edit),190,2,5,1376308
Ata,Euphoria,190,10,5,890438
nano,"Star light, Star bright (TV Size)",190,3,3,1350684
Set It Off,Horrible Kids,170,4,2,1249048
kakichoco,Zan'ei,180,4,3,1759729
Foreground Eclipse,Storytellers,183,4,3,311328
Hanatan,Airman ga Taosenai (SOUND HOLIC Ver.),175,2,3,134151
TrySail,Utsuroi (Short Ver.),208,2,3,1155295
Hiroki Moriuchi,Kimi no Shiranai Monogatari,170,5,3,1386041
Wakeshima Kanon,"World's End, Girl's Rondo (Asterisk DnB Remix)",175,3,3,445730
Foreground Eclipse,Songs Compilation II,160,4,3,1249198
Inferi,Those Who from the Heavens Came,250,11,2,387311
Draw the Emotional,Sad spring,184,11,3,994604
Amatsuki,Outer Science,195,10,3,988132
VINXIS,Sidetracked Day,188,10,5,1008679
Floxytek,Opera,190,10,5,25985
Aether Realm,"The Sun, The Moon, The Star",210,11,2,933630
GYZE,HONESTY,185,11,3,586121
BABYMETAL,Road of Resistance,205,11,3,1011576
Amane,TWEEKER,165,2,5,257165
ryu5150,Louder than steel,190,2,2,993306
GALNERYUS,HEAVENLY PUNISHMENT,184,11,3,1479179
Fellowship,Glory Days,178,11,2,1781620
HAG,Colorful,192,5,3,931452
Farhan feat. GUMI,Dandelion,169,2,3,1180255
S3RL,MTC (Different Heaven Remix),175,10,2,914691
GYZE,HONESTY,185,11,3,905621
Amatsuki,Kimi no Shiranai Monogatari,165,5,3,1449200
Xanthochroid,In Putris Stagnum,220,11,2,968625
Nashimoto Ui,AaAaAaAAaAaAAa,192,4,3,1017271
Kano,Stella-rium (Asterisk MAKINA Remix),177,10,3,1456709
Renard,Because Maybe! pt. 3,240,10,2,979274
ke-ji feat. Nanahira,Ange du Blanc Pur,182,11,3,1188740
SHIKI,Pure Ruby,178,2,5,39325
YuugouP,YELLOW TRICK,175,5,3,237515
SPYAIR,RAGE OF DUST (TV Size),240,3,3,1172436
765 MILLION ALLSTARS,Brand New Theater!,177,5,3,1696855
nowisee,confusion,176,5,3,720882
Kano,Dear Brave,188,5,3,1293358
Rika (CV: Tamura Yukari) & Satoko (CV: Kanai Mika) & Hanyuu (CV: Horie Yui),Happy! Lucky! Dochy! (TV Size),235,5,3,1594964
TUYU,Loser Girl,186,5,3,1333508
Amatsuki,Nagareboshi,176,4,3,1266531
Carach Angren,Once upon a Time... / There's No Place Like Home,210,11,2,607414
ALiCE'S EMOTiON,Foughten Field,170,2,3,366643
Xanthochroid,Of Gods Bereft of Grace,110,4,2,961206
Sunless Rise,Awakening,240,11,2,974537
DragonForce,Seasons,193,4,2,449873
Chino(CV.Minase Inori),Shinsaku no Shiawase wa Kochira!,175,3,3,443751
Kano,Stella-rium,177,3,3,1107950
Jun Kuroda,Natsukaze to Kimi no Egao,174,10,3,1342680
u's,Snow halation,173,3,3,893614
Wakeshima Kanon,Tsukinami,180,5,3,896080
GLORYHAMMER,Infernus Ad Astra / Rise Of The Chaos Wizards,180,11,2,1621226
yuikonnu,Yume Chizu,176,4,3,1068768
Mitsunori Ikeda feat. Aimee B,Fallen Angel (el poco maro Remix),176,3,2,710848
Various Artists,Songs Compilation III,185,6,14,1132633
Tia,Heart Realize,178,3,3,1468140
yuikonnu,Ai no Scenario,180,4,3,282375
Oomori Seiko,JUSTadICE (TV Size),185,3,3,1028120
HoneyWorks,Akatsuki Zukuyo,180,4,3,351280
yuikonnu,Chikyuu Saigo no Kokuhaku o,190,4,3,880938
positive MAD-crew,Mynarco,181,2,3,1253246
Aether Realm,Swampwitch,210,11,2,1556131
MOMOIRO CLOVER Z,SANTA SAN,190,5,3,1045600
Ito Kanako,Sky of Twilight,216,2,3,677104
DragonForce,Highway to Oblivion,200,11,2,1056699
DragonForce,Soldiers of the Wasteland,200,4,2,448281
Vickeblanka,Black Rover (TV Size),204,3,3,781509
nano,"No pain, No game (TV Size)",190,3,3,1184314
ClariS,Songs Compilation,165,3,3,1042191
Ceui,Finest Sky,176,2,3,1048854
Foreground Eclipse,I Bet You'll Forget That Even If You Noticed That,195,2,3,601135
Will Stetson,Super Driver,200,3,3,805224
Fallujah,The Dead Sea,120,11,2,1558881
MISATO,Necro Fantasia,175,2,3,516494
DragonForce,Defenders,190,4,2,323059
Yooh,snow storm -euphoria-,180,2,5,158075
Halozy,Genryuu Kaiko,173,2,3,1335452
Kousaka Umi (CV.Ueda Reina) x Tanaka Kotoha (CV.Taneda Risa),Understand? Understand!,169,2,3,437279
Tatsh,Xevel,185,10,2,1254404
Colors*Slash,Colors Power ni Omakasero!,200,3,3,1115477
Rhapsody Of Fire,Master Of Peace,190,11,2,956155
Treyarch Sound,Abracadavre,180,2,2,406273
Dragon Guardian,Kikaijikake no Kami,185,11,3,1537064
Ni-Sokkususu,Blade Dance,187,3,3,745312
Release Hallucination,Chronostasis,200,11,3,1392153
xi,Blue Zenith,200,10,5,292301
Bowling For Soup,Today is Gonna be a Great Day (TV Size),180,4,2,1209835
Our Stolen Theory,United (L.A.O.S Remix),175,10,2,953303
Dendei,gabe power,173,7,14,420765
Demetori,Solar Sect of Mystic Wisdom ~ Nuclear Fusion,173,2,5,20125
Nekrogoblikon,The Skin Thief,230,11,2,1061535
VINXIS,Sidetracked Day,188,10,5,1031435
Imperial Circus Dead Decadence,Uta,205,4,3,410162
Renard,This Place Will Grow EP,240,10,2,1112848
Oomori Seiko,JUSTadICE (TV Size),185,3,3,950289
ALiCE'S EMOTiON,Dark Flight Dreamer,189,2,3,185250
Watashi (CV: Yuuki Aoi),Ganbare! Kumoko-san no Thema (TV Size),190,4,3,1345755
Koda Kumi,Guess Who Is Back (TV Size),183,3,3,906786
EPICA,Victims of Contingency,210,11,2,540457
Yousei Teikoku,Hades: The end,185,11,3,1607155
VINXIS,Sidetracked Day,188,10,5,728276
SPYAIR,Imagination (TV Size),204,3,3,1171789
Wizardthrone,Of Tesseractual Gateways and the Grand Duplicity of Xhul,210,11,2,1530752
THE ORAL CIGARETTES,Songs Compilation,192,4,3,1253015
BABYMETAL,Road of Resistance,205,4,3,399372
Oomori Seiko,JUSTadICE (TV Size),185,3,3,983942
Rungran,d.m.c (Band Ver.),180,2,5,52203
UNDEAD CORPORATION,Frozen,220,11,2,1268344
chelly x yanaginagi,Melt 10th ANNIVERSARY MIX,170,4,3,754110
Suzuyu,Euphorium,186,2,3,779047
LeaF,Kyouki Ranbu (extended ver.),230,10,5,1371373
technoplanet,Juvenile,194,10,5,1280204
AliA,Kakurenbo,180,4,3,1158561
Foreground Eclipse,In A Night When Her Sorrow Resounds Around,160,2,3,901755
Tristam,I Remember,110,10,2,501920
THE ORAL CIGARETTES,Mou Ii kai?,192,4,3,1269899
Yamamoto Mineko,Shiroi Sakura Saite,176,5,3,1313749
GYZE,HONESTY,185,11,3,1108263
Various Artists,Songs Compilation IV,180,6,3,1247857
Various Artists,Songs Compilation,180,6,3,736560
VINXIS,Sidetracked Day (Short Ver.),188,10,5,771159
KK,Hidamari no Uta remake ver.,136,4,3,947162
Amatsuki,STARTRAiN,178,3,3,1291793
Muzzy,Endgame,175,10,5,397905
ETIA.,Enkan no Kotowari,180,2,5,39889
supercell,Kimi no Shiranai Monogatari,165,3,3,588765
Ice Nine Kills,IT Is The End,186,11,2,1061532
Ice Nine Kills,Merry Axe-Mas,175,11,2,1291503
Aitsuki Nakuru,Monochrome Butterfly,175,4,3,770300
Demetori,Wind God Girl,200,2,5,20949
Demetori,Shinkou wa Hakanaki Ningen no Tame ni ~ Jehovah's YaHVeH,220,11,5,580743
sana,Packet Hero,236,4,3,936698
Suzuki Konomi,Realize (TV Size),206,3,3,1190710
765 MILLION ALLSTARS,UNION!!,172,5,3,1134282
DM DOKURO,SAVE (Encore),180,10,5,1440767
Oshimizu Nako (CV: Toyosaki Aki),Diamond,174,3,3,995203
inabakumori,Lost Umbrella,274,4,3,1455997
Hana,Sakura no Uta,180,5,3,1037744
dj TAKA,quaver,182,2,5,423527
Sound piercer feat. DAZBEE,Hanatachi ni Kibou o (2020 Remaster),187,5,3,1378089
Ceui,Haruoto*Veil,180,5,3,1176413
LADYBABY,Nippon Manju,186,4,3,910392
Renard,Because Maybe! pt. 2,220,10,2,149471
Watarirouka Hashiritai,Kanpeki Gu~no ne (TV Size),182,3,3,952498
ZUN,Kobito of the Shining Needle ~ Little Princess,164,2,5,111611
Rita,Dream Walker,175,10,3,315299
DragonForce,Inside the Winter Storm,200,11,2,613814
Dancing Dolls,monochrome(Asterisk Makina Remix),175,3,3,349445
BABYMETAL,Road of Resistance,205,4,3,567324
9mm Parabellum Bullet,Inferno,195,3,3,482090
fhana,Sorairo Picture,182,5,3,908729
Nogizaka46,Yubi Bouenkyou,180,3,3,1164077
Brian The Sun,Lonely Go! (TV Size),204,3,3,863227
THE ORAL CIGARETTES,Mou Ii kai?,192,4,3,807850
Kano,Prima Stella,180,5,3,445983
"Wake Up, May'n!",One In A Billion,187,5,3,1264800
HISATOMI,lullaby (feat. KIRA) (uet Remix),200,10,3,1513975
Underoath,A Moment Suspended in Time,176,4,2,407575
Ryu* vs. L.E.D.-G vs. ZUN,PARADISE GHOST,200,2,5,1074982
Demetori,Kuuchuu ni Shizumu Kishinjou ~ Counter-Clock World,185,11,5,353650
LiSA,Jet Rocket,178,5,3,1189927
xi,FREEDOM DiVE,222.22,2,5,1074758
Suzuki Konomi,CHOIR JAIL (TV Size),181,4,3,1490776
LiSA,Kimi ni Pierrot,177,4,3,775766
TUYU,Kako ni Torawarete Iru,180,5,3,1245686
Memme,BSPower Explosion,180,2,5,45760
Poppin'Party,Cherry Bomb,190,2,3,971051
Okazaki Taiiku,Kimi no Bouken (TV Size),200,3,3,869019
Harada Hitomi,Overdrive,182,4,3,1065834
Aqours,Mitaiken HORIZON,178,2,3,1075121
KANA-BOON,Silhouette,183,3,3,780952
xi,Blue Zenith (Cut Ver.),200,10,5,1737645
Fotzu,POTOMIRU PINERA,180,10,14,1032450
Nanahira,Chikatto Chika Chika,178,3,3,942642
Foreground Eclipse,Are You Ready To Fall Into Falls & Fall Of Tears,163,2,3,675023
Irreversible Mechanism,Existence II: Collision,230,11,2,1288264
SHK,Identity Part 4,140,2,5,39428
FROZEN QUALIA,Image Liner,172,5,3,1104749
Unlucky Morpheus,Angreifer,220,11,3,868543
Kurubukko vs yukitani,Minamichita EVOLVED,180,2,5,136632
Demetori,Eastern Dream ~ The Introduction / Kamisabita Kosenjou ~ Suwa Foughten Field,200,2,3,642547
Mami Kawada,JOINT,180,4,3,1764643
Winterhorde,Worms of Soul,232,11,2,1724057
Nanamori-chu * Goraku-bu,Acchu~ma Seishun! (TV Size),184,3,3,886193
S3RL,Bass Slut (Original Mix),175,10,2,983911
dj TAKA,quaver,186,2,5,873811
Demetori,Seijouki no Pierrot ~ The MadPiero Laughs,191,2,5,783658
Kato Megumi (CV: Yasuno Kiyono),M flat,160,3,3,925999
Halozy,Paranoid Lost,176,2,3,182364
x0o0x_,Big Brother,190,10,3,1120687
Ceui,MeltyMoment,174,2,3,1082635
Wolpis Kater,Kuusou Ressha,175,4,3,532596
Panda Eyes,ILY,110,10,5,653534
yuikonnu,Yume Chizu,176,4,3,467337
nameless,SLoWMoTIoN,160,5,3,295848
BAND-MAID,DICE,180,4,3,1248526
The Cro-Magnons,Totsugeki Rock,199,3,3,966062
sana x HoneyWorks,Terekakushi Shishunki,170,5,3,1237079
Ceui,"Dreams come true -Hana Sakihokoru, Chikyuu no Moto de-",168,5,3,1070829
Simple Plan,You Suck At Love (Speed Up Ver.),177.65,4,2,819112
HO-KAGO TEA TIME,Kira Kira Days,200,3,3,444335
kradness,Otsukimi Recital,195,5,3,474227
Mutsuhiko Izumi,Snow Goose,200,2,5,21754
Blind Guardian,A Voice In The Dark,184,11,2,1672400
Foreground Eclipse,"Truths, Ironies, The Secret Lyrics",200,11,2,944514
kis-kis,ne uchi (Cut Ver.),195,4,12,1331950
Nile,Iskander D'hul Karnon,150,11,2,1574333
Aether Realm,Oak,210,11,2,1677257
Rohi,Artifact,180,10,3,1177744
Yooh,salvation,192,10,5,177444
Diao ye zong,Sasagu Uta -Higan Retour Symphony-,155,2,3,675527
Denkishiki Karen Ongaku Shuudan,I pray,180,2,3,810466
Feint,Tower Of Heaven (You Are Slaves),175,10,5,128931
ClariS,Kimi no shiranai monogatari,165,3,3,728405
Mrs. GREEN APPLE,Inferno (TV Size),185,3,3,999126
Apocalyptica,Reign of Fear,182,11,5,347136
xi remixed by cosMo@bousouP,FREEDOM DiVE [METAL DIMENSIONS],211.11,2,5,905158
Tapimiru,Hakkensha wa Watashi,175,3,3,1258918
Shimotsuki Haruka,Hidra Heteromycin,170,11,3,668799
THE ORAL CIGARETTES,Monster Effect,186,4,3,845746
HO-KAGO TEA TIME,Kira Kira Days (Cut Ver.),200,5,3,1384619
Project Grimoire,Caliburne ~Story of the Legendary sword~,190,2,5,335665
Aline Barros,Eu Li Na Biblia (Sped Up & Cut Ver.),184,5,14,1769206
Hoshimachi Suisei,Ranbu no Melody (Cut Ver.),192,4,3,1483235
NAMCO,RUN!RUN!RUN!,180,2,5,323751
Dragon Guardian,Tsuioku no Kuroki Makenshi,190,11,3,1330886
Traktion,The Near Distant Future,174,10,2,97433
Nanamori-chu * Goraku-bu,Happy Time wa Owaranai,190,3,3,773330
Ni-Sokkususu,Blade Dance,187,3,3,680533
Denkishiki Karen Ongaku Shuudan,Owari Tsumugishi Mono,250,2,3,763607
Hazuki,Legend of Millennium,192,2,3,785703
Will Stetson,Snow Halation (feat. BeasttrollMC),173,3,3,881764
Iron Frill,Jellyfish,172,5,3,1296074
happy30,As the wind blows,178,6,5,355073
Shoji Meguro,Kimi no Kioku (Aethral Remix),170,2,3,490662
Tatsh,Cinderella Romance,174,5,3,480878
Erio o Kamattechan,os-Uchuujin(Asterisk Makina Remix),175,3,3,325301
Koven,Get This Right,86,10,2,347947
Ouse Akira,Hiyoku no Sakura,178,5,3,1298109
Pastel*Palettes,Harumodoki,174,2,3,984496
Araki,Teo,185,4,3,759178
Memme,BSPower Explosion,180,2,5,44967
Wakeshima Kanon,"World's End, Girl's Rondo(Asterisk DnB Remix)",175,3,3,331499
Metrik,Freefall VIP (feat. Reija Lee),174,10,2,749003
P*Light,YELLOW SPLASH!!,185,2,5,363882
"storyteller(cosMo x GAiA) feat. IA, Kagamine Rin",Anti the EuphoriaHOLiC,180,6,3,546102
Wolpis Kater,Oxalis,252,4,3,1347859
senya,Kowareta Unmei o Tsumuide,162,2,3,935811
ROTTENGRAFFTY,70cm Shihou no Madobe,149,3,3,694047
Zeami feat. Ayane,Senpuu no Mai,160.01,2,3,334933
Sakamoto Shoichiro,Eye of Aeon,180,2,5,1543327
Orla Gartland,Lonely People (Raise Spirit Remix),174,10,2,1457034
Yamajet feat. Hiura Masako,Sunglow,180,2,3,595163
TRUE,DREAM SOLISTER,167,3,3,967875
Our Stolen Theory,United (L.A.O.S Remix),175,10,2,237768
UNDEAD CORPORATION,Everything will freeze,240,2,5,158023
Yonekura Chihiro,Be braver!,170,5,3,1433072
Fox Stevenson,All Eyes On Me (Cut Ver.),172,10,2,1456309
NU-KO,Pochiko no Shiawase na Nichijou (Long Version),192,2,3,307034
Camellia,"FLYING OUT TO THE SKY (covered by Nanahira, moimoi, Nana Takahashi)",244,11,3,1212452
BLANKFIELD,Goodbye,258,2,5,553906
xi,Glorious Crown,225.5,2,5,558694
Demetori,Seijouki no Pierrot ~ The MadPiero Laughs,191,2,5,661333
Dimrain47,Operation: Evolution,165,10,5,1581301
Poppin'Party,Light Delight,180,2,3,984646
Imperial Circus Dead Decadence,Gekiai No Yobigoe Ga Dekiai No Sakebigoe Wo Kurau,210,11,3,1201605
DECO*27,HIBANA feat. Hatsune Miku,200,4,3,671199
BLUE ENCOUNT,HOPE,214,4,3,685622
LiSA,Believe in ourselves,178,5,3,927265
Infected Mushroom,The Pretender,174,10,2,587602
LIQU@.,Yotogibanashi no Kamikakushi,240,2,3,236396
Ayane,Azurite no Hitsugi,86.5,2,3,546149
SHK,Halloween Party,155,2,5,1682134
UNDEAD CORPORATION,Everything will freeze,240,2,5,336471
Alipio Martins,Piranha (Maffalda Reloaded Trap Mix),171,9,14,287873
Imperial Circus Dead Decadence,"Yomi yori Kikoyu, Koukoku no Tou to Honoo no Shoujo.",220,11,3,723819
KASAI HARCORES,Cycle Hit,175,10,5,636839
Imperial Circus Dead Decadence,Gekiai No Yobigoe Ga Dekiai No Sakebigoe Wo Kurau,210,11,3,915563
Sasaki Sayaka,Marine Blue ni Sotte,180,2,3,182958
Tia,The Glory Days,184,3,3,391953
Halozy,Genryuu Kaiko,173,2,3,180138
Sagara Kokoro,Hoshizora no Ima,185,2,3,701549
Bliitzit,Team Magma & Aqua Leader Battle Theme (Unofficial),200.6,2,5,1002271
Fuki,Sacred Bones Riot,200,11,3,1009680
DJ S3RL,T-T-Techno (feat. Jesskah),175,10,2,83560
SOOOO,Happppy song,226,10,3,1016769
Kozato snow,Izayoi Sakura,175,10,5,162371
yuikonnu,Kakushigoto,200,4,3,436177
Kanon Wakeshima,Tsukinami,180,5,3,490956
NOX,Firesong,88,13,2,294935
"ZBUKU feat. Sliwa, Sztoss",Mloda krew,176,9,13,996024
Hana,Sakura no Uta,180,2,3,376552
TRUE,DREAM SOLISTER,167,3,3,359501
Mrs. GREEN APPLE,Ao to Natsu,185,5,3,1216255
Bal-Sagoth,The Obsidian Crown Unbound  (Episode: IX),210,11,2,258961
Reol,MONSTER,164,4,3,366440
Ito Kanako,Skyclad no Kansokusha,167,2,3,416129
IA,Six Trillion Years and Overnight Story,186,4,3,51245
senya,Renbei no Searchlight,170,2,3,491057
Saiya,Remote Control,165,10,3,530445
Shinigiwa Satellite feat. Meramipop,Tensei Redemption,260,2,3,985141
SEPHID,Critical Cannonball (Extended ver.),190,10,5,1189616
goreshit,burn this moment into the retina of my eye,217,10,5,359890
Frederic,oddloop,172,3,3,595899
Dragon Guardian,Tenkai e no Kippu,190,11,3,1026330
Halozy,Paranoid Lost,176,2,3,440925
AKINO from bless4 & CHiCO with HoneyWorks,MIIRO vs. Ai no Scenario,195,3,3,325158
TrySail,High Free Spirits -TV.Ver-,186,3,3,440706
xi / R3 Music Box,FREEDOM DiVE,222.22,2,5,761041
SAMString,NUMA,180,10,5,1570528
Foreground Eclipse,From Under Cover (Caught Up In A Love Song),200,4,3,462386
Chitose Sara,Merry Merry Go Round,185,2,3,469475
Falcom Sound Team jdk,The Azure Arbitrator,274,2,5,427166
supercell,Hoshi ga Matataku Konna Yoru ni,182,2,3,840787
Tia,The Glory Days,184,3,3,503486
OISHII,ONIGIRI FREEWAY,210,10,5,996628
HoneyWorks,Miraizu feat.Aida Miou(CV:Toyosaki Aki),178,4,3,306591
CINDERELLA PROJECT,M@GIC*,178,3,3,389343
charon,Seventeen RPG,266,4,3,304888
Camellia feat. Nanahira,Touryouka,256,4,3,1022167
Team.NEKOKAN,Airman ga Taosenai,200,2,3,732994
gmtn. (witch's slave),Illegal Paradise (Grimoire rmx),175,10,5,1536934
UNDEAD CORPORATION,Tokoyo Omohikane no Kami,280,2,3,1067418
supercell,Hero,177,4,3,942775
Shounen Radio,neu,198.48,2,5,58422
Ryu* Vs. L.E.D.-G Vs. ZUN,PARADISE GHOST,200,10,5,67133
Shiraishi,Shinsekai,193,2,5,24634
YAMAGEN'S DEVILELIET,EYES OF DEVILELIET,200,4,5,36988
NC feat. NRG Factory,SEDUCTION (Vocal Remix),190,10,5,1398656
Demetori,Desire Drive ~ Desire Dream,178,2,5,42234
syatten remixed celas,Bird Sprite -Awakening of Light-,182,10,5,1321314
Demetori,Kanjou no Matenrou ~ World's End,178,11,5,133693
D.J.Nero,Joker,184,2,5,405524
Fred V,Already Disappeared,174,10,2,1643829
HoneyWorks,Hatsukoi no Ehon feat.Aida Miou(CV:Toyosaki Aki),190,4,3,229393
goreshit,o'er the flood,194,6,5,51972
Yousei Teikoku,Astral Dogma,180,11,3,1008085
meganeko,Empyrean,175,10,5,1213896
Cres,End Time,180,2,5,73474
Grant Kirkhope,King Sandybutt's Tomb,138,2,5,1114471
Saint Snow,DROPOUT!?,182,3,3,1115534
Lime,Renai Syndrome,180,10,5,166062
Kucchy vs Akky,Satori ~3rd eyes~,191,2,5,13827
ZUN remixed by LeaF,Resurrection Spell,180,2,5,1132711
Amuro vs Killer,Mei,200,2,5,25605
sak respect for Arata Iiyoshi,Reason of being,190,2,5,640558
THE ORAL CIGARETTES,ReI,186,4,3,785858
Yooh,Dynasty,189,2,5,149648
Fall Out Boy,Alone Together (Krewella Remix),174,10,2,290995
bibuko,Reizouko Mitara Pudding ga Nai,190,4,3,90068
cosMo@BousouP,Oceanus,196,2,5,267767
Suzuki Konomi,CHOIR JAIL,181,3,3,172688
Kurokotei,Into The Void,180,10,5,1112435
O2i3,Heart Function,185,10,5,1133480
Suzaku,"Anisakis -somatic mutation type ""Forza""-",185,2,5,107216
Miki Sayaka vs. Miki Sayaka (fw. Miki Sayaka),squartatrice,180,10,5,40368
ZUN remixed by LeaF,Resurrection Spell,180,2,5,292644
Omoi,Nee William,181,4,3,164155
Suzuki Konomi,CHOIR JAIL (TV Size),181,3,3,929973
Araki,Teo,185,4,3,749150
xi,Ascension to Heaven,200,10,5,968656
sasakure.UK,Chimera feat. Annabel,165,5,3,1103928
Shadow Of Intent,The Prelude To Bereavement,220,11,2,1067743
Suzaku,Anisakis -somatic mutation type''Forza''-,185,2,5,60521
DJ YOSHITAKA,FLOWER,173,2,5,31054
DJKurara,Goodbye,195,10,2,866436
Yuaru,Asu no Yozora Shoukaihan,185,4,3,384772
Rameses B,Transcend,170,10,5,339708
Thaehan,Help,196,10,5,766939
DragonForce,Symphony Of The Night,177,4,2,469148
Ne Obliviscaris,Painters of the Tempest (Part II): Triptych Lux,215,11,2,724192
IOSYS,Usatei 2011,190,2,3,37563
THE ORAL CIGARETTES,Deai Machi,192,4,3,1009469
yuikonnu,Kakushigoto,200,4,3,504245
P4koo,Forbidden Light,169,10,5,1279878
Luxion,High-Priestess,196,2,5,93398
positive MAD-crew,Mynarco,181,2,3,824205
IOSYS,Utage wa Eien ni ~SHD~,170,2,3,7385
Tatsh,reunion,184,2,2,346213
Pratanallis,Braking Down,190,4,3,1508068
Fleshgod Apocalypse,In Aeternum,150,11,2,1261793
Demetori,"Koyoi wa Hyouitsu na Egoist ~ Ego, Schizoid, Beat.",180,2,5,829940
CINDERELLA PROJECT,Star!!,178,3,3,785518
Whispered,Jikininki,220,11,2,750201
Ne Obliviscaris,Of Petrichor Weaves Black Noise,215,11,2,1557359
Foo Fighters,The Pretender,173,4,2,849640
Satyr,Levitator,242,11,2,1520317
hitorie,Little Cry Baby,208.01,4,3,1098258
Ne Obliviscaris,Pyrrhic,226,11,2,1646116
Pegboard Nerds,20k (Aero Chord Remix),172,10,2,283707
senya,"Sasayaku, Kiekaketa Kouishou ga.",160,2,3,1053613
Roselia,Ringing Bloom,195,2,3,1066605
DragonForce,Extraction Zone,200,11,2,903585
Xanthochroid,The Sound of a Glinting Blade / The Sound Which Has No Name,135,11,2,1018888
iojjj,Deus Ex Machina,180,2,3,107747
DragonForce,Troopers of the Stars,200,11,2,1072139
Imperial Circus Dead Decadence,"Haishita Shoujo wa, Haiyoru Konton to Kaikousu.",224,11,3,890412
Memme,Marionette,165,2,5,690608
Omoi,Snow Drive(01.23),224,4,3,478405
xi,Halcyon -Long Version-,191,2,5,557145
Ouse Akira,Sacrifice,210,4,3,1437979
"Kirisaki Chitoge (CV: Touyama Nao), Onodera Kosaki (CV: Hanazawa Kana)",Taisetsu no Tsukurikata (Asterisk Remix),175,3,3,925343
Stonebank,All Night,170,10,5,410998
ELFENSJoN,Einherjar,204,4,3,942738
Himeringo,Idola no Circus,181,4,3,903106
Fujimiya Kaori (CV: Amamiya Sora),Kanade (Shadren Remix),180,10,3,741193
UNDEAD CORPORATION,Blow,230,11,2,1019640
Renard,Because Maybe! pt. 1,220,10,2,450709
Demetori,Higan Kikou ~ View of The River Styx,182,2,5,993059
Vektor,Fast Paced Society,152,11,2,298996
DragonForce,Extraction Zone,200,4,2,471344
dj TAKA meets DJ YOSHITAKA ft.guit.good-cool,Elemental Creation -GITADO ROCK ver.-,212.02,2,5,119447
AAAA,Hoshi o Kakeru Adventure ~ we are forever friends! ~ [Long ver.],224,2,3,677573
Yousei Teikoku,Hades: The rise,210,4,3,662526
Vektor,Cosmic Cortex,204,11,2,357996
Mia REGINA / R3 Music Box,My Sweet Maiden,204,3,3,702111
SOOOO,Happppy song,226,10,3,744593
DystopiaGround,AugoEidEs,207,4,3,1008143
BABYMETAL,Gimme chocolate!!,220,11,3,452230
Konuko,Toumei Elegy,220,4,3,219380
Casandra,Junpaku*study time,172,2,3,637224
DragonForce,The Last Journey Home,150,4,2,172072
Getty vs. DJ DiA,DropZ-Line-,200,2,5,727049
Renard,Because Maybe! pt. 3,240,10,2,30013
nano,Omoide Kakera,200,4,2,454627
Asriel,Kegare Naki Yume,223,2,3,743370
Minazuki Airi with Atsushi,"Daisuki, Evolution",190,2,3,611004
xi,Ascension to Heaven,200,2,5,368060
DragonForce,Cry Thunder,130,11,2,890589
Imperial Circus Dead Decadence,Uta,205,4,3,552726
Imperial Circus Dead Decadence,"Yomi yori Kikoyu, Koukoku no Tou to Honoo no Shoujo.",220,11,3,575330
Renard,Rainbow Dash Likes Girls (Stay Gay Pony Girl),220,7,2,57255
Mizuki Nana,VIRGIN CODE,212,5,3,272679
sana,Packet Hero,236,4,3,404910
Shounen Radio,neu,199,2,5,843008
Vektor,Tetrastructural Minds,200,11,2,361035
Halozy,Sentimental Skyscraper,183,2,3,100348
DragonForce,Cry for Eternity,200,4,2,27448
Hatsune Miku,Atama no Taisou,240,7,3,40344
yuikonnu,Ghost Rule,210,4,3,440650
Intervals,A Voice Within,230,4,2,569096
Linkin Park,Guilty All The Same (feat. Rakim),200,4,2,518596
Demetori,Kanjou no Matenrou ~ World's End,178,2,5,888200
DragonForce,Revolution Deathsquad,200,11,2,18860
FELT,Lost My Way,240,2,3,817516
Sound Horizon,Yoiyami no Uta,182,5,3,396118
Fantastic Youth,Unknown Mother-Goose,222,4,3,935708
Epica,Martyr of the Free Word,100,11,2,362500
Avenged Sevenfold,Save Me,190,4,2,594170
Wakeshima Kanon,Not For Sale Fossil,190,5,3,1144490
ONE OK ROCK,One by One,197,4,2,1148073
MY FIRST STORY,Itazura Fiction,183,4,3,864947
Suzuki Konomi,Realize (TV Size),206,3,3,1190719
Bentham,Chicago,210,4,3,1187933
PORNOFIL'MY,Kto Vse Eti Lyudi?,186,4,12,1027950
SPYAIR,Imagination (TV Size),204,4,3,1203416
Dreamcatcher,Sleep-walking,174,5,6,645655
Silent Siren,Soukai Rock,200,4,3,437797
Pierce The Veil,King For A Day (feat. Kellin Quinn),226,4,2,1074059
SID,Ranbu no Melody (TV Size),192.1,4,3,1189202
Aqours,Kimeta yo Hand in Hand (TV Size),191,5,3,1315700
DECO*27,Ghost Rule,210,4,3,413117
AKINO from bless4,MIIRO (TV Size),195,3,3,993307
Apocalyptica,Hall of the Mountain King,192,4,5,219813
40mP feat. yuikonnu,Ame to Asphalt,190,4,3,842562
MAXIMUM THE HORMONE,ChuChu Lovely MuniMuni MuraMura PrinPrin Boron Nururu ReroRero (Chiptune Cover),260,10,5,1114770
MY FIRST STORY,2 FACE,205,4,3,1260801
Izumi Akazawa (CV. Madoka Yonezawa),Responsibility Response,202,3,3,495332
Icon For Hire,Make a Move (Speed Up Ver.),202.54,4,2,765778
Aiurabu,Kani*Do-Luck! (TV Size),210,3,3,894883
Mrs. GREEN APPLE,Tomoshibi,185,4,3,1130594
ONE OK ROCK,Take me to the top,196,4,3,790895
Hez-kun,Yamero,170,6,3,955056
Mio Yamazaki,Noise (English ver.),225,3,2,702892
nano,Bull's Eye (TV Size),197,3,3,1198327
Sayuri x MY FIRST STORY,Reimei,185,3,3,890719
Azusa Tadokoro,Junshin Always,180,3,3,405053
Sleeping With Sirens,If You Can't Hang,192,4,2,409025
nonoc,Relive,196,3,3,1108759
Primary,in the Garden,224,5,3,629217
NOMA,Brain Power,170,10,2,357777
MY FIRST STORY,REVIVER,200,4,3,901188
fourfolium,Now Loading!!!!,193,3,3,480609
MY FIRST STORY,Missing You,190,4,3,942978
Jeff Williams,When It Falls (feat. Casey Lee Williams) (TV Size),231,3,2,1091102
Aqours,Aozora Jumping Heart,200,3,3,494768
Sex Whales & Fraxo,Dead To Me (Instrumental),148,10,5,764602
LIP x LIP,Chiisana Lion feat. Minami (CV: Toyonaga Toshiyuki),188,5,3,905572
Panda Eyes & Teminite,Immortal Flame (feat. Anna Yvette),110,10,2,703957
BLACKPINK,Kill This Love,132,5,6,1092466
Aqua Timez,Saigo made II (TV Size),177,3,3,1187395
CHiCO with HoneyWorks,Kessen Spirit,188,3,3,1118112
Kano,Sakura no Zenya,178,4,3,1183076
Kano,Sakura no Zenya,178,4,3,992595
Kano,Dear Brave,188,3,3,1280404
Ceui,Have a live day,184,2,3,1109772
Kuribayashi Minami,Zankoku na Yume to Nemure,186,4,3,1357251
765 MILLION ALLSTARS,UNION!!,172,2,3,1058213
Mitsuki Kotono,Fuyu ni Saku Hana,170,2,3,1619594
AKB48,Heavy Rotation,178,5,3,1524839
CHiCO with HoneyWorks,Heart no Shuchou,185,5,3,1143852
Yonekura Chihiro,Be braver!,170,5,3,1160240
SPYAIR,Imagination (Cut Ver.),204,4,3,1447391
Fuji Aoi,Hajimari no Oto,183,4,3,1555609
Asaba Kanae,Endless Starlight ~Inochi no Kirameki~ (Full ver.),181,2,3,1061572
"EYKHA (CV: Sawashiro Miyuki), LOU (CV: Uchida Maaya), MERYL (CV: Terui Haruka)",Delta Decision,185.02,4,3,1582420
wakaG,Yozora ni Saita Hana,180,5,3,1470434
ClariS,SHIORI,176,3,3,747684
sana / HoneyWorks,Akatsuki Zukuyo,180,5,3,1658437
Inori Minase,MELODY FLAG,182,5,3,1630848
Ray,km/h,185,5,3,1248042
SOUND HOLIC,Airman ga Taosenai (SOUND HOLIC Ver.),175,2,3,829145
PassCode,Ray,196,3,3,1054931
ryo (supercell) feat.Hatsune Miku,Tsumi no Namae,172,2,3,480273
CHiCO with HoneyWorks,Minikui Ikimono (TV Size),195,3,3,1369259
Wisin & Yandel,Rakata (Cut Ver.),192,5,10,1446290
S3RL,Bass Slut,175,10,2,1227249
TRUE,Soundscape,186,5,3,534054
Sasaki Sayaka,Atlantico Blue,177,5,3,1338721
CHiCO with HoneyWorks,color,180,5,3,865497
Suzuyu,Euphorium,186,5,3,1297647
mimimemeMIMI,Sayonara Usotsuki,182,3,3,395359
Yasuda Mizuho,Yoake no Bell ga Naru,177,2,3,1381360
ONE OK ROCK,"Skyfall feat. Koie from Crossfaith, MAH from SiM, Masato from coldrain",183,4,2,1599155
Maduk,Got Me Thinking (feat. Veela),175,10,2,1024635
KISIDA KYODAN & THE AKEBOSI ROCKETS,Colorful (Cut Ver.),188,4,3,1264537
AliA,utopia,190,4,3,1117851
Sound piercer feat. DAZBEE,Hanatachi ni Kibou o,187,5,3,1229091
Mitsuki Kotono,Fuyu ni Saku Hana,170,2,3,777681
Ayane,Azurite no Hitsugi,86.5,5,3,591816
m108,Shinku no Senkou,185,10,5,1551011
KOAN Sound & Asa,Starlite,170,10,5,294496
Nekomata Master feat. Misawa Aki,chrono diver -fragment-,185,2,3,430008
Foreground Eclipse,To The Terminus,189,4,3,277481
THE ORAL CIGARETTES,Kieta Mitai,192,4,3,867742
Hana,Alice,179,4,3,570443
DJ TOTTO feat. *spiLa*,illumina,187,2,3,582132
Feint & Laura Brehm,Solace (Cut Ver.),174,10,2,1330028
APG550,NEVERLAND,190,4,3,352489
vierre cloud,moment,171.3,10,2,1366507
xi,ANiMA,183.5,2,5,359191
Rita,Winter Diamond,190,2,3,1010886
Akiyama Mio (CV: Hikasa Yoko),Heart Goes Boom!! [GAME Mix],180,2,3,844633
Sakuzyo feat. Nikki Simmons,Destr0yer,90,2,2,875148
Ryu* vs. Sota,Go Beyond!!,200,10,5,934522
Naoki Miki (CV: Takahashi Rie) & Ebisuzawa Kurumi (CV: Ozawa Ari),Unhappy End World,186,3,3,823259
Kawada Mami,Wings of Courage -Sora o Koete- (K@keru Dnb Remix),175,2,3,1143951
Shindehai,ONE-PUNCH MAN FOREVER,190,4,3,335864
Mitani Nana,Chikyuu Saigo no Kokuhaku o,190,4,3,65491
Rita,Winter Diamond,190,2,3,761598
Hanazono Tae (CV: Otsuka Sae),Hanazono Denki Guitar!!!,188,2,3,943947
Yousei Teikoku,Deep Sea,175,10,5,104260
TWICE,Heart Shaker,164,5,6,863840
THE ORAL CIGARETTES,ReI,186,4,3,889058
Hoshimachi Suisei,GHOST,182,5,3,1431255
"Polyphia, Will Stetson",Inferno,195,11,2,1292543
EGOIST,The Everlasting Guilty Crown,172,3,3,762635
Asterisk,Rain,175,10,5,395149
Katakiri Rekka & Suzuyu,Girl meets Love,185,2,3,333947
Kawada Mami,as x sist ~Amae Beta na Watashi Nari ni~,168,2,3,949583
cillia,FIRST,190,4,3,171388
Fujiwara Chika (CV: Kohara Konomi),Chikatto Chika Chika (TV Size),178,3,3,917930
Fujiwara Chika (CV: Kohara Konomi),Chikatto Chika Chika (TV Size),178,3,3,921889
Ni-Sokkususu,Blade Dance,187,3,3,372851
Will Stetson,Despacito ft. R3 Music Box,89,5,10,798007
YURiKA,Shiny Ray (TV Size),183,3,3,584389
Little Glee Monster,"Dakara, Hitori ja Nai (TV Size)",180,3,3,1129819
KANA-BOON,Nai Mono Nedari,175,5,3,1041915
BTS,Dionysus,176,5,6,971842
Amatsuki,STARTRAiN,178,3,3,1094460
LiSA,Kimi ni Pierrot,177,4,3,441167
Yusuke,V (TV Size),200,3,3,971957
YUI,Rolling star (TV Size),161,3,3,842236
Amatsuki,DORAEMON,160,3,3,853519
Drop,Granat,180.96,6,5,501992
Ayase Rie feat. Hata-tan,Yuima-ru*World TVver.,180,3,3,726747
Mrs. GREEN APPLE,Inferno (TV Size),185,3,3,1009278
Nogizaka46,Yubi Bouenkyou ~Anime-ban~,180,3,3,623924
Kano,Walk This Way!,260,5,3,914242
Poppin'Party,Kira Kira datoka Yume datoka ~Sing Girls~ (TV Size),180,3,3,614346
"Luis Fonsi, Omoi & R3 Music Box",Teopacito feat. Will Stetson,89,5,3,794585
Nanamori-chu*Gorakubu,Acchu~ma Seishun!,184,3,3,451830
Kanae Asaba,Endless Starlight ~Inochi no Kirameki~ (OP ver.),181,2,3,518737
TWICE,CHEER UP,173,5,6,836819
"Chito (CV: Minase Inori), Yuuri (CV: Kubo Yurika)",More One Night (Assertive Hardcore Bootleg) [short ver.],170,3,3,714239
MISATO,Necro Fantasia,175,2,3,626406
Fujijo Seitokai Shikkou-bu,Best FriendS (GoldenWolf Edit),163,3,3,746506
DJ Fresh,Gold Dust,177,10,2,935111
TERRA,EDEN,200,5,3,905422
Sleeping With Sirens,If You Can't Hang (Cut Ver.),192,4,2,1474728
DIVELA feat. Hatsune Miku,Beat Syncer,200,2,3,1034008
LilDeuceDeuce,EVERYBODY DO THE FLOP (Cut Ver.),200,4,2,1233573
Suzuki Aina,Hikariiro no Uta (TV Size),188,5,3,1489381
96neko,Uso no Hibana,188,3,3,625669
Renard,ENDLESS QUEER,180,10,2,306028
Capi,"Watashi, Idol Sengen",180,5,3,944137
Luck Life,Kaze ga Fuku Machi (TV Size),198,4,3,1623271
KISIDA KYODAN & THE AKEBOSI ROCKETS,Shitteru? Madousho wa Donki ni mo Naru no yo,190,2,3,922004
ONE OK ROCK,Start Again,174,4,2,1062516
supercell,Mr.Downer,179,5,3,932165
NEO,Happy End no Intro ga Kikoeru,190,4,3,926563
MIMI feat. Hatsune Miku,Mizuoto to Curtain,186,5,3,1001653
MOMOIRO CLOVER Z,SANTA SAN,190,5,3,695316
Aline Barros,Eu Li Na Biblia (Sped Up & Cut Ver.),216,5,14,1742218
Dreamcatcher,Eclipse (TV Size),195,3,3,1476373
Tarkan,Simarik,97,5,14,1255746
HERO,"""Tenohira"" (TV Size)",207,3,3,1091595
Suzuki Konomi,Redo,190,3,3,456524
ChouCho,Ashita no Kimi sae Ireba Ii.,178,3,3,690687
Yooh,snow storm -euphoria-,180,2,5,156235
KOTOKO,bumpy-Jumpy!,190,2,3,822997
HoneyWorks,Boku ga Namae o Yobu Hi feat.Mochizuki Souta (CV:Kaji Yuki),190,4,3,572790
S.S.H.,Touhou Judgment in the Sixtieth Year ~ Fate of Sixty Years,186,2,5,20008
void feat. Komatsuna,Akatsuki no Tsuki,176,10,3,212387
LiSA,EGOiSTiC SHOOTER,202,4,3,253313
EYKHA (CV : Sawashiro Miyuki) LOU (CV : Uchida Maaya) MERYL (CV : Terui Haruka),Delta Decision,185,3,3,494606
Minami,Prologue,173,5,3,928593
Kano,Stella-rium,177,3,3,356821
ginkiha,EOS (kamome sano rmx),172,2,5,403073
Dark PHOENiX,Last Remote - Type gamma,186,2,5,123871
"Fear, and Loathing in Las Vegas",Let Me Hear,184,3,3,260405
Ayane,FaV -F*** and Vanguard-,190,2,3,494460
Aitsuki Nakuru,Melt 10th ANNIVERSARY MIX,170,5,3,1223737
Demetori,Youkai no Yama ~ Mysterious Mountain,185,2,5,21463
Nekrogoblikon,Mold,184,11,2,1061153
Nakanoke no Itsutsugo,Gotoubun no Kimochi,175,3,3,932291
AKINO from bless4,Just Moving On Now,185,3,3,302054
Banshi,Kotonoha,188,10,5,415003
Horie Yui,Asymmetry,173,5,3,1152932
Duca,Kioku x Hajimari,185,2,3,842540
Dollscythe,Flashes (Extended),180,2,5,358350
nano,Hysteria,210,4,2,168662
Sasaki Sayaka,Kiss no Hitotsu de,175,2,3,1187254
Roselia,Guren no Yumiya,181,2,3,825409
Jun Maeda x yanaginagi,Toaru Kaizoku Ou no Kimagure,180,5,3,473441
Nekomata Master+,Kung-fu Empire,177,2,5,173288
fiend,FEVER DREAM (feat. yzzyx),170,10,5,1405913
MindaRyn,Like Flames (TV Size),175,4,2,1511528
Apocalyptica,2010 (feat. Dave Lombardo),180,4,5,324990
KANA-BOON,Spiral,180,4,3,1477925
Demetori,"Yuuga ni Sakase, Sumizome no Sakura ~ Border of Life",175,2,5,293766
*namirin,Koi no Hime Hime Pettanko,178,3,3,613083
MY FIRST STORY,Mukoku,195,4,3,1047546
Demetori,Emotional Skyscraper ~ World's End,178,2,5,13223
Amatsuki,Higurashi Moratorium,189,4,3,94506
Yasuda Mizuho,Yoake no Bell ga Naru,177,2,3,1036799
FELT,New World,195,2,3,407175
AKINO from bless4,MIIRO,195,3,3,312042
YURiCa,Amatsu Kitsune,190,2,3,716642
Halozy,Genryuu Kaiko,173,2,3,251437
Dima Elmo,To Adventures,170,10,5,508968
Alisa Kozhikina,Gravity - Zero,178,4,12,694185
Demetori,Songs Compilation,178,2,5,165018
CHiCO with HoneyWorks,Pride Kakumei,185,3,3,342242
THE ORAL CIGARETTES,5150,192,4,3,705655
Foreground Eclipse,When Innocence Is Just A Mask,178,4,3,242316
Himeringo,Koitsubakihime,180,4,3,408558
Cres,End Time,180,2,5,140691
syatten remixed celas,Bird Sprite -Awakening of Light-,182,2,5,43037
Olivia Rodrigo,good 4 u,165.9,5,2,1477257
Thaehan,Saiyajin,180,10,5,656764
Aoi Eir,INNOCENCE (TV Size),183,3,3,1183864
Yuyoyuppe,Hidamari no Uta,136,4,3,831242
Renard,PIZZZZZZZZ,200,10,2,473066
Renard,Da Nu Nuttah,190,10,2,62665
nanobii,rainbow road,170,10,5,375073
Roromiya Karuta(Hanazawa Kana),sweets parade,206,3,3,609311
Kano,Dear Brave,188,3,3,753356
Yoko Shimomura,Hachamecha Music,167.95,2,5,1660540
Unlucky Morpheus,FAITH,200,2,5,418441
Sigma ft. Paloma Faith,Changing,171,10,2,353546
TeamGrimoire+Amaneko,croiX,195,2,5,88692
ONE OK ROCK,American Girls (Speed Up Ver.),177,4,3,978879
FLOWxGRANRODEO,7 -seven- -TV SIZE -,170,3,3,282345
Tatsh,reunion,184,2,3,24523
Apol,Hidamari no Uta,136,4,3,931596
Memme,Plasma Gun,180,2,5,84100
Getter Jaani,Rockefeller Street (Nightcore Mix),162.5,10,2,942866
Parry Gripp,Guinea Pig Bridge,180,5,2,1004468
Tatsh,IMAGE -MATERIAL- <Version 0>,260,10,5,402837
Ne Obliviscaris,Forget Not,195,11,2,930865
Imperial Circus Dead Decadence,"Yomi yori Kikoyu, Koukoku no Tou to Honoo no Shoujo.",220,11,3,461744
Imperial Circus Dead Decadence,"Ingaritsu No Togabito, Kyoukaimen-Jou No Unmei.",220,11,3,1596665
Igorrr,Opus Brain,175,6,5,918706
SakiZ,osu!favourites,200,6,3,603738
Aether Realm,The Fool,210,11,2,1209271
Jun Maeda x yanaginagi,Killer Song,166,5,3,454725
DragonForce,Midnight Madness,200,11,2,1136535
gmtn. (witch's slave),furioso melodia,155,10,5,280107
Wagakki Band,Tengaku,232,13,3,336414
Rivers of Nihil,The Silent Life,200,11,2,927891
Ryu*,Sakura Mirage (STARLiGHT Mix),187,2,5,765795
Asriel,ABYSS,215,11,3,756533
Wagakki Band,Tengaku,232,13,3,996706
Ne Obliviscaris,Libera (Part I) - Saturnine Spheres,215,11,2,1371944
cosMo@BousouP feat. Hatsune Miku,Machinegun Poem Doll,220,4,3,1596663
Ne Obliviscaris,"Devour Me, Colossus (Part I): Blackholes",200,11,2,1274508
Veil of Maya,Mikasa,220,5,2,480298
yuikonnu & ayaponzu*,Shinde Shimau towa Nasakenai!,174,4,3,710207
Hana,Sakura to Kotori,180,3,3,757784
Akaza Akari(CV:Mikami Shiori),"Watashi, Shuyaku no Akaza Akari desu",190,3,3,313330
JIN ft. Shouichi Taguchi (Sentimental Vector),Kagerou Days,192,3,3,857452
yassu feat. Tina,Yuujou >>> (Koerarenai Kabe) >>> Renai,152,2,3,844415
sana,Yakimochi no Kotae,190,4,3,308447
senya,Akatsuki no Suiheisen ni,181,2,3,242360
Rin,Prism Magical (DJ SHARPNEL hardrave remix),186.78,2,3,39032
Kishidan to Kitadani Hiroshi,We Can!,180,3,3,588256
supercell,My Dearest,168,3,3,493830
SILENT SIREN,ODOREmotion,180,4,3,948734
Nijigasaki High School Idol Club,Nijiiro Passions! (TV Size),180,3,3,1280426
"Misaki Akeno (CV. Natsukawa Shiina) , China Moeka (CV. Amamiya Sora)",Watashitachi Kinenbi,180,3,3,459700
Pastel*Palettes,MOON PRIDE,173,2,3,1268746
Miyuki Hashimoto,Mugen Mirai,161,2,3,756685
ICHIKO,I'LL BE THERE FOR YOU (TV Size),170,3,3,1085263
Asakura Momo,Ashita wa Kimi to.,180,5,3,748013
Nanahira,Monosugoi Ikioide Keine ga Monosugoi Uta,180,2,3,140115
Nakae Mitsuki,Unreal Color,176,2,3,319538
44teru-k,F.I,180,2,5,25828
TWICE,HAPPY HAPPY,180,5,3,1006690
Black Raison d'etre,INSIDE IDENTITY,186,3,3,100682
Chitose Sara,Merry Merry Go Round,185,2,3,1013140
Hyper Potions,Time Trials,175,2,5,735903
Ogura Yui,Baby Sweet Berry Love (Tsukiko chan Maji kawa-E Remix),175,3,3,182042
"Wan Ho-Kit, Lee Hon-Kam",Unknown Title,190,6,4,468614
Sasaki Sayaka,"Sakura, Reincarnation",181,2,3,884081
Ishihara Kaori,Plastic Smile,167,3,3,1511617
LiSA,Rally Go Round -TV ver.-,190,3,3,301394
ZAQ,Serendipity,173,3,3,528754
ClariS,border (TV Size),178,3,3,880633
Hana,Shuumatsu no Bishou,160,2,3,885621
MOSAIC.WAV,Zen Sekai Teki Touch Panel,182,5,3,171723
DragonForce,Operation Ground and Pound,200,4,2,324171
*namirin,The Noise of Rain,204,4,3,859370
inabakumori,Lagtrain,147,4,3,1313664
Halozy,Secret Sister Complex,153,2,3,683123
REOL,Endless Line,95,5,3,706150
goreshit,fleshbound,197,6,5,534280
Royal Blood,Loose Change,169,4,2,545156
toby fox,Spider Dance,230,2,5,750458
Komiya Mao,(can you) understand me?,185,2,3,456986
dark cat,BUBBLE TEA (feat. juu & cinders),160,10,5,769917
ClariS,SHIORI (TV Size),176,3,3,871481
Yousei Teikoku,Torikago,172,5,3,412140
Kero Kero Bonito,Flamingo (WTN3 Remix),110,10,3,409214
Set It Off,I'll Sleep When I'm Dead,170,4,2,1192768
Shawn Wasabi,Marble Soda,168,10,5,313718
Akiyama Uni,Kanpan Tasogare Shinbun,180,2,5,388036
Linked Horizon,Shinzou o Sasageyo! [TV Size],160,3,3,593620
Wiklund,Billy Boogie,170,10,5,9040
Kousaki Satoru,Gekiretsu de Kareinaru Hibi,185,3,5,164545
LiSA,Datte Atashi no Hero. -TV ver.-,189,3,3,637445
DJ TOTTO,Crystalia,270,2,5,691220
Camellia feat. Nanahira,"Energy * Drin-ko Fein-chan! (Camellia's ""MONSTERISTIC"" D. M. P. Remix)",190,10,3,883595
3 Nen E Gumi Utatan (Nagisa & Kayano & Karuma & Isogai & Maehara),Bye Bye YESTERDAY,180,3,3,480765
Nakashinoda Mugi,Senjou no Aria,110,2,3,395046
HO-KAGO TEA TIME,Kira Kira Days,200,5,3,1234080
Nekomata Master,Far east nightbird,180,2,5,34203
Nanahira,Chikatto Chika Chika,178,3,3,945049
Cass2,Gravity Falls Theme Song- 16 Bit Mix,166,10,5,664315
Meiko Nakamura,Dispel,200,4,3,39640
Ayase Rie,Yuima-ru*World TVver.,180,3,3,459149
Agnete Kjolsrud,Get Jinxed,180,2,2,361740
nano,Omoide Kakera,200,4,2,62510
Tapimiru,Hakkensha wa Watashi (TV Size),175,3,3,777733
The Prodigy,Smack My Bitch Up,136.19,10,2,24949
Dio feat. Sef,Aye,119,9,14,1621130
BABYMETAL,Tales of The Destinies,200,11,3,534115
DECO*27,First Storm feat. Hatsune Miku,190,4,4,696175
BLANKFIELD,Voyage,289.99,11,5,1201974
Tapimiru,Hakkensha wa Watashi (Anime Size),175,3,3,602803
Saiya,Remote Control,165,10,3,53857
May'n,Belief,208,3,3,487774
THE ORAL CIGARETTES,GET BACK,192,4,3,1012262
Uesaka Sumire,EASY LOVE (TV Size),188,5,3,1372562
Ito Kanako,Uncontrollable (TV Size),210,3,3,659240
MY FIRST STORY,Shuuen Requiem,200,4,3,1112825
KISIDA KYODAN & THE AKEBOSI ROCKETS,Blood on the EDGE (TV Size),224,3,3,986865
Tapimiru,Hakkensha wa Watashi (TV Size),175,3,3,829331
MIMI feat. Hatsune Miku,Ai no Sukima (Rock Cover),204,4,3,1092468
KISIDA KYODAN & THE AKEBOSI ROCKETS,ANCIENT FLOWER,198,2,3,978477
Aitsuki Nakuru,Dramatic Star (Cut Ver.),188,5,3,1197595
mafumafu,Idola no Circus,181,4,3,960068
Poppin'Party,Cherry Bomb,190,2,3,975062
SPYAIR,I'M A BELIEVER (TV Size),194,4,3,1435286
THE ORAL CIGARETTES,STAY ONE,200,4,3,1105934
Ayane,FaV (Short Ver.),190,4,3,1230966
Okazaki Taiiku,Kimi no Bouken (TV Size),200,3,3,874835
nano,Bull's Eye (TV Size),197,3,3,788233
HO-KAGO TEA TIME,Kira Kira Days,200,5,3,1366172
Kankaku Piero,Haruka Mirai (TV Size),182,3,3,750743
REDALiCE,Pekorap Tropical House Remix,110,10,3,1224414
Krewella,Surrender The Throne,174,10,2,767566
The Tender Box,Spectacular Spider-Man Theme (TV Size),145,4,2,1241266
Nogizaka46,Tsuki no Ookisa (TV Size),185,3,3,816046
SPYAIR,Genjou Destruction,194,4,3,1175471
Reol,No title,200,5,3,320118
Silent Siren,Hachigatsu no Yoru,188,5,3,431708
Gavin G,Desire,170,10,5,242549
positive MAD-crew,Mynarco Addiction,181,2,3,323329
Ayane,Senpuu no Mai [Ten],160.05,2,3,628368
Poppin'Party,Light Delight,180,4,3,1544601
Sigma Ft Paloma Faith,Changing,171,10,2,219929
ani feat. moco,Light up My Love,171,2,3,83572
Rameses B,We Love,174,10,2,239330
BLUE ENCOUNT,Polaris (TV Size),190,3,3,1050560
"BEMANI Sound Team ""DJ TOTTO feat. MarL""",Seiza ga Koi Shita Shunkan o.,186,2,3,1050599
Fred V & Grafix,Ultraviolet,174,10,2,1272355
P*Light,SAY BAY,165,10,5,750316
THE ORAL CIGARETTES,GET BACK,192,4,3,853600
Kanpyohgo,Unmei no Dark Side -Rolling Gothic mix,160,2,5,514980
Rameses B,Neon Rainbow (ft. Anna Yvette),174,10,2,446332
THE ORAL CIGARETTES,Flower,192,4,3,878327
cosMo@bousouP,Hatsune Miku no Gekishou,200,2,3,1370608
AKI AKANE,FIRST,190,4,3,293832
Konohana-tei Nakai no Kai,"Haru Urara, Kimi to Sakihokoru (TV Size)",180,3,3,979801
LamazeP,Triple Baka,180,10,3,1224831
beatMARIO,Night of Knights,180,2,5,352570
Poppin'Party,Cherry Bomb,190,2,3,1055249
Eisyo-kobu,Oriental Blossom,180,2,5,586889
Korpiklaani,A Man With A Plan,160,11,2,844658
Chino(CV.Minase Inori),Shinsaku no Shiawase wa Kochira!,175,3,3,441155
Mrs. GREEN APPLE,On My MiND (TV Size),187,3,3,1502590
OxT,Clattanoia (TV Size),190,3,3,1476842
egor nats,poslednyaya pesnya o ney,170,10,12,844319
Green Day,Basket Case,176,4,2,1142364
Plum,Maelstrom,195,10,5,1679690
LONG SHOT PARTY,distance (NARUTO Ver.),198.5,3,3,632130
THE ORAL CIGARETTES,Livelock Art,190,4,3,879904
ITO KASHITARO,Yume Chizu,180,4,3,690977
SCREEN mode,ROUGH DIAMONDS (TV Size),190,4,3,1244230
Liz Triangle,Messiah,167,2,3,1104025
Nekomata Master feat. ATSUMI UEDA,Anelis (Long Ver.),180,5,3,1386826
Unlucky Morpheus,"Top of the ""M""",208,11,3,1302388
Down,Luscent,170,10,5,1641533
Certified Senpai,Burn This Right,204,10,5,1439651
*namirin,Koi no Hime Hime Pettanko,178,3,3,485056
Aimer,SPARK-AGAIN (TV Size),180,3,3,1206396
Kabocha,EmbryO,220,2,5,947018
Yousei Teikoku,Kuusou Mesorogiwi,230,4,3,1260852
Denkishiki Karen Ongaku Shuudan,Silver Orbit,180,11,3,1062758
Aqours,Brightest Melody (MOVIE SIZE),185,3,3,1007637
Maffalda,pensamento tipico de esquerda caviar,157.1,9,14,175036
MASAKI (ZUNTATA),Touhou Kijinretsu,235,10,5,1267353
BUTAOTOME,Haru no Yuki,220,4,3,1288476
A-One feat. ayaponzu*,Justice Monster,160,10,3,1513750
VINXIS,Greetings,200,10,2,288974
umu.,humanly,250,4,3,1045518
kors k vs. L.E.D.,SOLID STATE SQUAD,155,10,5,1065008
MOMOIRO CLOVER Z,Pinky Jones,180,5,3,1575491
CHiCO with HoneyWorks,"Watashi, Idol Sengen",180,5,3,831747
Aitsuki Nakuru,Presenter*,240,5,3,760473
Nekomata Master+,encounter,190,10,5,815758
Ice,Entrance,180,10,5,1276389
Hyadain,Rap de Chocobo,170,7,3,1125851
Kyaru (CV: Tachibana Rika),Absolute Secret (ED Ver.),188,4,3,1187485
Euchaeta,Yumemiru Yakusoku (Cut Ver.),136,5,3,1288446
Sakuzyo,Imprinting,175,2,5,1090887
xi,Time files,200,10,5,1685122
MisoilePunch,VVelcome!!,265,10,5,1235627
the peggies,Kimi no Sei (TV Size),174,3,3,865746
Colors*Slash,Colors Power ni Omakasero!,200,3,3,758344
DECO*27,First Storm -Japanese Version-,190,4,3,778657
Niji no Conquistador,Zutto Summer de Koishiteru,240,5,3,1263383
Celldweller,Lost In Time,105,11,2,1068163
Aqours,Aozora Jumping Heart,200,3,3,479107
nonet,Now On Stage!!,170,5,3,1526418
"Hikasa Youko, Uchida Maaya, Taketatsu Ayana, Akesaka Satomi",Gokujo. no Jouken (TV Size),180.2,3,3,953015
Station Earth,Cold Green Eyes feat. Roos Denayer,174,10,2,1101976
Mitsuki Kotono,Fuyu ni Saku Hana,170,2,3,284403
"Nakagawa Kanon (CV: Touyama Nao), Suirenji Ruka (CV: Yamazaki Haruka)",Ringo Ribbon (Cut Ver.),176,5,3,1361996
S3RL feat Mixie Moon,FriendZoned,175,10,2,409164
MIMI feat. Hatsune Miku,Mizuoto to Curtain,186,5,3,968171
O2i3,Ooi [Game Edit],216,10,5,355573
Ayalis,Ai o Chikaishi Hime Kazari,210,4,3,506155
daniwellP,Nyanyanyanyanyanyanya!,142,10,14,31419
sokoninaru,Lament moment,225,4,3,1288090
MisteryCircle,So What?,220,4,2,918900
Stratiotes,"Dancing so madly, I'm reaching for the scarlet moon.",200,11,2,1545058
Equilibrium,Waldschrein,200,11,8,1227182
Aether,Elements & Tale of Fire,210,11,2,1530822
ORDEN OGAN,Come With Me To The Other Side (feat. Liv Kristine),185,11,2,1052267
Dragon Guardian,Tsuioku no Kuroki Makenshi,190,11,3,1213650
Nanamori-chu * Goraku-bu,My Pace de Ikimashou (TV Size),190,3,3,868045
Krewella,Say Goodbye (Sped Up & Cut Ver.),200,10,2,1620540
"Yamazaki Haruka, Tadokoro Azusa, Machico",Dreaming!,180,2,3,1052724
Turbo,PADORU / PADORU,190,10,3,1061287
Vickeblanka,Black Rover (TV Size),204,4,3,1224232
Aoi Eir,IGNITE (TV Size),171,3,3,1182043
yanaginagi,Megumi no Ame (TV Size),182,3,3,1146827
Yooh,MariannE,191,10,5,1550633
Station Earth,Cold Green Eyes ft. Roos Denayer,174,10,2,716719
LiSA,ROCK-mode,180,4,3,1124391
Mental Cruelty,Abadon,200,11,2,1643018
Xanthochroid,Long Live Our Lifeless King,133.33,11,2,1736495
Winterhorde,Chronic Death,196,11,2,1699956
Ensiferum,March of War / Axe of Judgement,220,11,2,395739
fourfolium,SAKURA Skip,165,3,3,488619
August Burns Red,Generations,200,4,2,1021464
Husky by the Geek,Heroes,160,2,5,727142
Zmey Gorynich,Sorochinskaya Yarmarka,220,11,12,1191853
Thousand Leaves,Kissing the Tears,180,11,5,568363
Enter Shikari,Rat Race,230,4,2,958005
Hail The Sun,The 'Fun' In Dysfunction,210,4,2,1482120
Nightwish,Noise,154,11,2,1318503
Avenged Sevenfold,Save Me,190,11,2,866472
Ne Obliviscaris,And Plague Flowers The Kaleidoscope,210,11,2,1208673
Xi,Rokujuu Nenme no Shinsoku Saiban ~ Rapidity is a justice,195,2,5,210764
Camellia,Light it up,175,10,5,1165549
Victorius,Twilight Skies,180,11,2,1016145
Eye of the Enemy,The Shift,153,11,2,708943
AngelMaker,A Dark Omen,220,11,2,761026
Venetian Snares,She Runs,224,6,5,319890
Rhapsody,Unholy Warcry,180,11,2,1779623
senya,Zouka de Arou to Shita Mono,155,2,3,495283
Unlucky Morpheus,FAITH,200,11,5,1414107
Teminite,State Of Mind,150,10,5,833556
Will Stetson,Harumachi Clover (Swing Arrangement) [Dictate Edit],170,3,3,842412
Two Door Cinema Club,Dirty Air,138,5,2,1107855
DragonForce,WAR!,195,11,2,621422
ShinRa-Bansho,"Mugen Shitto Gekijou ""666""",170,2,3,975881
Gojou Mayumi,DANZEN! Futari wa PreCure Ver. MaxHeart (TV Size),168,3,3,840260
Rise Against,Whereabouts Unknown,183,4,2,327188
DragonForce,Symphony of the Night,177,4,2,459901
ClariS,SHIORI -TV size mix-,176,3,3,661919
Amatsuki,Chiisana Koi no Uta,218,4,3,534788
TWICE,CHEER UP,173,5,6,456547
VALLEYSTONE feat. Kanata.N,Natsuirozaka,155,5,3,950550
The Quick Brown Fox,The Big Black,180.15,10,5,867737
Primary,Sweets Weekend,180,5,3,380545
King Gizzard & The Lizard Wizard,Robot Stop,197,4,2,1610231
Tristam & Braken,Frame of Mind,175,10,2,177523
SPYAIR,Sakura Mitsutsuki (TV Size),179,3,3,933863
Hana,Sakura no Uta,180,2,3,738656
Fleshgod Apocalypse,The Violation,270,11,2,1198838
B.o.B feat. Hayley Williams,Airplanes (Feint Remix),178,10,2,83494
Will Stetson,POP/STARS,85,2,2,917345
WEAVER,Kuchizuke Diamond,164,3,3,368985
supercell,Kimi no Shiranai Monogatari,165,3,3,289074
Amatsuki,DORAEMON,160,3,3,1210297
L.E.D.,THE LAST STRIKER,185,2,5,38867
TAKA respect for J.S.B,Ubertreffen,174,2,5,49568
Dark PHOENiX,Taketori Hishou,192,2,5,22276
-45,Shoujo-tachi no Majogari,165,2,5,886627
Ice,02: Amber Wishes,195,2,5,801704
CHiCO with HoneyWorks,Heart no Shuchou,185,5,3,1085903
antiPLUR,Speed of Link,263.07,10,5,359173
loz,Cinderella Cage -Trancecore Mix-,187,2,5,74274
Tatsh,IMAGE -MATERIAL- <Version 0>,260,10,5,93523
12 Girls Band,Horse Race,169.63,13,5,44964
Imperial Circus Dead Decadence,Shinbatsu o Tadori Kyoukotsu ni Itaru,250,11,3,482382
Pendulum,Propane Nightmares (Celldweller Remix),174,10,2,213098
LhoU,Highlander,185,2,5,167225
senya,Kasoku Suru Koi wa Dare mo Tomerarenai,168,2,3,80747
Mami Kawada,FIXED STAR,170,3,3,752526
Memme,China Dress,175,2,5,137665
Kijibato,w/WWW feat. Hoshimiya Toto,166,10,3,1312343
M2U & NICODE,Lune,160,2,5,417408
EGOIST,The Everlasting Guilty Crown (TV Size),172,3,3,622109
HyuN,Illusion of Inflict,170,2,5,891366
IOSYS,Power of Dream (Night Fever Refix),180,2,3,27152
Demetori,Furuki Yuanxian ~ Death Echo,200,2,5,291517
Utada Hikaru,Sakura Nagashi (el poco maro Remix),176,10,3,185392
yanaginagi,Tokohana,169,3,3,181310
Kana Nishino,Sweet Dreams (11t dnb mix),175,10,3,499488
fiend,Morrissey,170,9,2,1211976
Soleily,Renatus,182,10,5,241526
DJ Fresh (feat. Rita Ora),Hot Right Now (Radio Edit),175,10,2,231114
HO-KAGO TEA TIME,Tenshi ni Fureta yo! (Asterisk DnB Remix),175,3,3,881769
Jesus-P,Death Should Not Have Taken Thee!,174,4,3,87119
"Yamaguchi Rikako, Asakura Momo, Taneda Risa, Suwa Ayaka, Natsukawa Shiina",UNION!!,172,2,3,812370
Yuyoyuppe,Reon,182,11,3,55980
HO-KAGO TEA TIME,Tenshi ni Fureta yo! (Asterisk DnB Remix),175,3,3,506780
Chihara Minori,Aitakatta Sora,160,3,3,323044
Feint,Vagrant (feat. Veela),175,10,2,354537
BANPRESTO,Dark Prison,167,2,5,162284
cosMo@Bousou-P,End Mark ni Kibou to Namida wo soete,257,2,5,772055
Gourski x Himmes,Silence,174,10,5,789905
ginkiha,Oriens,185,2,5,65855
SPYAIR,Sakura Mitsutsuki,179,3,3,686601
P*Light,Poppin' Shower,175,2,5,42527
Y&Co.,Daisuke,157,2,2,14774
Kizuna AI,FUCK YOU!,240,4,2,717343
Demetori,Seijouki no Pierrot ~ The MadPiero Laughs,191,2,5,656918
Feint,Take It In (feat. Koven),175,10,2,616023
Cranky,Rave 2 Rave,165,10,5,751896
P*Light,TRIGGER*HAPPY,185,2,5,134656
Akatsuki Records,WARNING x WARNING x WARNING,172,2,3,860440
Reol,MONSTER,164,5,3,661483
Kano,Daisy Blue,184,5,3,886402
Terminus Est (CV: Kakuma Ai),Blade Dance,187,3,3,774204
Syaro (CV: Uchida Maaya),Caffeine Fighter,156,3,3,991440
MY FIRST STORY,WINNER,170,4,3,929581
sweet ARMS,I swear (TV Size),168,3,3,911245
Swimy,Acchi Muite,187,5,3,1141606
Serizawa Yu,Devi-kyuu (TV Size),180,3,3,1317972
LiSA,dawn (TV Size),185,4,3,1349621
Shiritsu Ebisu Chuugaku,Butterfly Effect,169,3,3,953322
nano.RIPE,Hana no Iro (TV Size),180,3,3,801537
Hoshikawa Sara,Vampire,164,5,3,1457867
Amamiya Sora,Skyreach,184,3,3,190851
Akatsuki Records,Silent Silence Siren,172,2,3,866443
Kiyono Yasuno,Rocket Beat,172,3,3,761889
xi,Bad Elixir,203,2,5,878944
Panda Eyes & Teminite,Highscore,110,10,5,332532
"Pecorine (CV: M.A.O), Kokkoro (CV: Itou Miku), Karyl (CV: Tachibana Rika)",Connecting Happy!!,182,2,3,925078
Iguchi Yuka,over and over (TV Size),170,3,3,1266199
ClariS,CLICK(Soleily Remix),166,3,3,402741
YURiKA,MIND CONDUCTOR (TV Size),180,3,3,912207
Tomatsu Haruka,courage (TV Size),196,3,3,1182742
Celldweller,Weaponized,100,10,5,1119418
Shiena Nishizawa,The Asterisk War,143,3,3,440397
Fujiwara Chika (CV: Kohara Konomi),Chikatto Chika Chika (TV Size),178,3,3,944993
umu.,humanly,250,4,3,977552
Victorious Cast,Take a Hint feat. Victoria Justice & Elizabeth Gillies (Speed Up Ver.),164.08,5,2,984684
Inori Minase,"Massugu ni, Toumei ni.",170,5,3,1688083
Momohara Natsuki (CV: Murakawa Rie),Natsuzora Yell (TV Size),170,3,3,1028594
Aimer,closer,90,4,2,1013478
SmokyThrill77,Congrathalations! (Cut Ver.),173,7,2,1581689
Hagumi Nishizawa,My Hero! Up to you!,168,2,3,394270
Nakagawa Shouko,Sorairo Days,174,3,3,393273
ONE OK ROCK,Cry out,168,4,3,790512
Remo Prototype[CV: Hanamori Yumiri],Sendan Life,227,3,3,416153
Ryokuoushoku Shakai,Shout Baby (TV Size),180,3,3,1159397
Ren feat. Hatsune Miku,"Tougetsu, Rinzen ni Kisu.",190,5,3,1418780
Wakeshima Kanon,killy killy JOKER (TV Size),180,5,3,1258913
chano & 40mP,Natsukoi Hanabi (Sped Up Ver.),175.4,5,3,1244123
Mami Kawada,Contrail ~Kiseki~,168,3,3,506291
Saint Snow,DROPOUT!?,182,4,3,1385020
Release hallucination,Chronostasis,200,11,3,577414
Ryu*,Rondo Alla Turca (Ryu* Remix),142,10,5,1364962
Yooh,Ice Angel,168,10,5,297933
xi,Akasha,185,10,5,403427
Nightwish,Songs Compilation,148,11,2,519682
Loki,With Fire and Sword (2013),180,11,5,963872
t+pazolite,chipscape,220,10,5,27752
Apocalyptica,Worlds Collide,160,4,5,239360
goreshit,the pain of relief (we have our vices one and all),174,10,5,1529429
Taylor Swift,...Ready For It?,160,5,2,683816
Fractal Dreamers,Fortuna Redux,200,10,5,712974
Iwami Takashi,ONE-MAN CIRCUS,192,4,3,971598
KAMELOT,Liar Liar (Wasteland Monarchy),170,11,2,629668
DragonForce,Above the Winter Moonlight,200,4,2,419588
Rammstein,Waidmanns Heil,210,11,8,1533921
AKI AKANE,Kando*Reduction,197,4,3,262403
FOLiACETATE,Heterochromia Iridis,223,2,5,106443
Star Driver,5 Centimeters Per Second,150,10,2,362335
DragonForce,Heroes of Our Time,200,4,2,90716
Basshunter,Jingle Bells,140,10,2,10871
AKITO,Sakura Kagetsu,138,2,5,119
Nightwish,Romanticide,156,4,2,620131
Camellia,Light it up,175,10,5,514601
Foreground Eclipse,Flames Within These Black Feathers,195,4,3,1001825
Camellia & DJ Genki,Feelin Sky,174,10,5,414543
goreshit,MATZcore,234.07,10,3,24388
Red Hot Chili Peppers,Blood Sugar Sex Magik,148.11,4,2,852400
seleP,ReLief,120,10,3,1379697
Camellia,Quaoar,174,10,5,836856
KOTOKO,Wing my Way,118.04,5,3,850548
Tashiro Tomokazu,Koi no Hime Hime Pettanko (Karaoke),179,3,5,938926
mimimemeMIMI,Harebare Fanfare,168,3,3,497942
Kano,Daisy Blue,184,5,3,850717
Iguchi Yuka,Hey World (TV Size),180,3,3,929415
MIMI feat. Hatsune Miku,Marshmary,182,5,3,962088
"Tomita Miyu, Onishi Saori, Ohzora Naomi, Hanazawa Kana",Hallelujah*Essaim,200,3,3,559248
League of Legends,"RISE (ft. The Glitch Mob, Mako, and The Word Alive)",177,2,2,858938
MIMI feat. Hatsune Miku,Ai no Sukima,204,5,3,952409
ClariS,Hitorigoto -TV MIX-,165,3,3,596704
Will Stetson,Harumachi Clover (Swing Arrangement),170,3,3,859783
ClariS,SHIORI vs. Hitorigoto,176,3,3,707380
RADWIMPS,Yume Tourou,178,3,3,597111
"Wake Up, May'n!",One In A Billion,187,3,3,637877
PENGUIN RESEARCH,Button,182,3,3,477685
Irreversible Mechanism,Outburst,240,11,2,1127872
senya,Terasareru kurai no Shiawase,160,2,3,747507
TWICE,Heart Shaker,164,5,6,705597
Hitachi Mako (CV: Kotorii Yuuka),Mako no Nichijou,160,2,3,859338
HoneyWorks,Watashi no Tenshi feat. Narumi Sena (CV: Amamiya Sora),168,5,3,1338034
Ayane,Azurite no Hitsugi,173,2,3,583650
Yousei Teikoku,Gekkakou,160,2,3,737644
supercell,Sayonara Memories,160,5,3,525260
Dreamcatcher,Wake up,144,5,6,645662
senya,Shissou Suru Kanashimi no Naka de,155,2,3,347460
Kaneko Chiharu,Lachryma<Re:Queen'M>,236,2,5,475629
Spawn Of Possession,Apparition,240,11,2,216979
Whispered,Exile of the Floating World,225,11,2,769346
senya,Tokuiten no Kaibutsuteki Kanjou,156,2,3,370545
Feint & Boyinaband,Time Bomb (feat. Veela),175,10,2,652909
Akatsuki Records,"SAMURAI GHOST GIRL, KILL! KILL!",158,2,3,1073159
Noah,Celestial stinger,259,2,5,687129
senya,Hitomi ni Kakusareta Omoi,160,2,3,398921
senya,Youyoumu no Gotoku (Autobahn Remix),160,2,3,440980
EVO+,[A]ddiction,164,5,3,378803
A*Teens,Gimme! Gimme! Gimme! (Nightcore Mix),162.51,10,2,46218
Maduk feat. Veela,Ghost Assassin (Hourglass Bonusmix),176,10,2,953367
senya,MERMAiD,150,2,3,1550119
100 gecs,stupid horse,168,5,2,1118839
Origami Angel,666 Flags,107.5,4,2,1396650
Police Piccadilly feat. KAFU,Furachi na Kassai,158,4,3,1493511
Wolpis Kater,Deichuu ni Saku,85,4,3,927723
Aqours,Yuuki wa Doko ni? Kimi no Mune ni!,167,3,3,1054647
Mrs. GREEN APPLE,Ao to Natsu,185,5,3,824592
mary,Alice in Reitouko,176,5,3,1282289
Maduk,Liquicity Yearmix 2016,176,10,5,551444
Minase Inori,brave climber,190,5,3,1091022
TWICE,Feel Special,129,5,6,1041786
Pizuya's Cell feat. Futoumeido,NOiSE,203,5,3,1321114
supercell,Kokuhaku,180,3,3,811631
Teminite,Beastmode,174,10,5,494225
a_hisa,Pastel Subliminal & Synesthesia,187,10,5,1063842
R3 Music Box / chano & 40mP,Natsukoi Hanabi,158,4,3,735755
Chroma,Still Believe,184,10,5,1415358
SYU (from GALNERYUS),REASON,184,11,3,1791832
Thaehan,Doki-Doki,180,10,5,713926
Demetori,Kagayaku Hari no Kobito-zoku ~ Counter-Attack of the Weak,184,11,5,347021
Demetori,Higan Kikou ~ View of The River Styx,182,11,5,178777
Luze,HERA (LONG Version),185,2,5,1482719
THE ORAL CIGARETTES,GET BACK,192,4,3,1239072
Demetori,Pure Furies ~ Vengeance is Mine,180,2,5,796330
Aburamushi,Nico Nico Douga Matenrou,184,7,3,825164
egor nats,ya zhenyus' na devochke iz anime,159.88,10,12,947717
FinnOtaku,C-Side of YTPMV,180,10,5,1577887
TUYU,Anoyo-iki no Bus ni Notte Saraba.,240,4,3,1070357
Devin Townsend,Why?,150,11,2,1136531
Demetori,Kuuchuu ni Shizumu Kishinjou ~ Counter-Clock World,185,2,5,347719
Natsu,Regression,190,2,5,1771677
Toyama Nao,Gunjou Infinity,185,5,3,1202718
marina,Towa yori Towa ni,200,2,3,361307
"Uinyasu, Occhoko Bunny",Aa Kenran no Yume ga Gotoku (Epsilon Remix),175,2,3,822937
Sakuyui,Yoru ni Kakeru,130,5,3,1238144
Hanasaka Yui(CV: M.A.O),Harumachi Clover,142,3,3,662120
yaseta,Bluenation,180,10,5,707032
DragonForce,Fury of the Storm,200,11,2,306975
Loki,With Fire and Sword (2013),180,11,5,1088528
Yumeno Yuki,BWLAUTE BEIRRD,197,2,3,1014034
Denkishiki Karen Ongaku Shuudan,Satsuriku no Keifu,210,11,3,1140608
BLOOD STAIN CHILD,MOON LIGHT WAVE,200,4,2,296543
Demetori,Youyou Bakko ~ Who done it!!!,182,2,5,659749
Natsume Chiaki,Hanairo Biyori,182,6,3,143397
MYTH & ROID,Paradisus-Paradoxum,201,3,3,510183
Noboru feat.Mitani Nana,Shiroi Yuki no Princess wa,200,4,3,439609
odaxelagnia,#sawg (Wan Bushi Remix),205,10,2,670068
Yooh,MariannE,191,10,5,285577
Yumeno Yuki,THE APPLE IS CAST!,197,2,3,945614
Halozy,Genryuu Kaiko,173,2,3,286460
Whispered,Hold the Sword,175,11,2,786432
Various Artists,HUNTER X HUNTER COMPILATION,160,3,3,907491
Nakamura Meiko,Core of Spark,195,5,3,798420
Camellia & DJ Genki,Feelin Sky,174,10,5,882932
Ryu*,Sakura Mirage,187,2,5,205022
nano,Bull's Eye,197,3,3,393986
JIN ft. Shoichi Taguchi (Sentimental Vector),Kagerou Days,192,3,3,515670
Yuyoyuppe,-ELIS-,190,11,3,930062
MY FIRST STORY,Smash Out!!,195,4,3,478289
Rche,Todestrieb,185,2,5,968678
04 Limited Sazabys,Squall,200,4,3,1029349
YUZU,Hyouri Ittai,160,3,3,347357
Camellia & DJ Genki,Feelin Sky,174,10,5,366706
DJ TOTTO feat. *spiLa*,illumina,187,2,3,349883
Kitamura Eri,STARLET SEEKER,200,5,3,1085124
PORNOFIL'MY,"Papa, Ne Pey!",184,4,12,936950
Camellia,Racemization,202,10,5,347765
Omoi,Hey William (New Translation),181,4,3,1409184
Mia REGINA,My Sweet Maiden,204,3,3,1109062
onoken,Viden,174,2,5,375402
TUYU,Namikare,204,5,3,1115515
Yorushika,"Yuunagi, Bou, Hana Madoi",220,4,3,1029377
Pianom,Insaengui Huejeonmongma(ppongjjak ver.),140,7,14,50074
Tatsh,24th Century BOY,168,2,5,42997
Humanoid,MENDES,168,2,5,21928
Ryu* Vs. Sota,Go Beyond!!,200,2,5,19705
SUPER STAR -MITSURU-,SA.YO.NA.RA. SUPER STAR,170,2,5,38959
Iglooghost,Niteracer,182,10,5,809748
MiddleIsland,"Piano Concerto No.1 ""Scream""",165,12,5,110126
Yooh,Dynasty,189,2,5,83094
iconoclasm,perditus paradisus,172,2,5,22212
Zektbach,Kagachi,170,2,5,26500
KIEN,La Grand Bleu,163.87,2,5,36907
Shoichiro Sakamoto,Eye of Aeon,180,2,5,26528
SoundTeMP,Dreamer's Dream,140,2,5,350381
HyuN,Legend of Genesis,190,2,5,891356
yak_won,Lucid,175,2,5,15898
REDALiCE,ALiVE,170,10,2,359749
sakuzyo,VALLISTA,180,2,5,40056
Nakamura Mamechiyo,Kare Kano Kanon,180,2,3,37090
wa. remixed celas,Suishou-Sekai ~Fracture~,180,2,5,28984
USBduck,Keyboard Cat ZONE,165,7,5,23754
wa. vs ETIA.,Akasagarbha,192,2,5,39205
LEAF XCEED Music Division,Imminent Chaos,180,2,5,102629
SHIKI,BABYLON,190,2,5,31373
NEXON,Evil Tower 2,175,2,5,160734
Seiryu,Critical Crystal,191,2,5,199535
Asterisk,Ren-chon no Drum 'n' Bass,175,3,3,331190
Suzaku,CONTRACT,180,2,5,33819
BanYa,Winter,168,2,5,11331
S-C-U,concon,190,2,5,42051
KAKU P-MODEL,Big Brother,190,10,3,472440
Ryu* Vs. L.E.D.-G,PARADISE LOST,200,2,5,70046
Ne;on & Haiji,Haruka Tooki Gensoukyo - Dream of fantasy,194,2,3,29780
44teru-k,"Yami ~ Shoujo no Yume , Kyomu no Sekai ~",156,2,5,149173
NieN,Road of Death,180,2,5,13305
Subplaid,If you went out with friends in a way,185,10,12,40327
IOSYS,"The Lovely, Freezing, Tomboyish Bath, Cirno's Hot Spring",188,2,3,27107
SUPER STAR -MITSURU-,She is my wife,170,2,5,22331
Suzaku VS Genbu,Himiko,185,2,5,12710
dBu,Shinkou Fuuka Kyoku ~ Native Faith,172,2,5,17972
IOSYS,Fascination Marisa,185,2,3,10409
holic,Shihunomi *Higanbana* Daini ~ Kuukyogishin ~ Akabeni,180,2,5,19361
toby fox,Finale,190,2,5,667713
07th Expansion,Eiji Kuinbii,153,2,5,38235
DJ YOSHITAKA,ALBIDA,185,2,5,21457
Chu-Bra!! Cast,Shy Girls (TV Size),190,3,3,12192
P*Light,NINJA,175,10,5,195307
Rche,Todestrieb,185,10,5,1054789
REDALiCE,Great Nano Desu,172,3,3,7691
LeaF,Kyouki Ranbu (extended ver.),230,10,5,1600135
Hanatan,Ai no Scenario,180,4,3,343365
RADWIMPS,Yume Tourou,178,3,3,977916
Mazare & Luma,Nothing More,180,10,2,1170304
Avizura,Lucky Star,175,10,2,130546
FROZEN QUALIA,M'aider,185,5,3,1296276
ONE OK ROCK,Memories,175,4,3,684590
Yasuda Rei,blooming,173,3,3,937782
Umeboshi Chazuke,Bison Charge,243,10,5,894701
yanaginagi,Haru Modoki,174,3,3,300312
MY FIRST STORY,Fukagyaku Replace,199.81,3,3,342218
Mitsunori Ikeda ft. Aimee B,Fallen Angel (El Poco Maro Remix),176,10,2,36319
Ayane,Senpuu no Mai [Chi],160,2,3,781693
M2U,Felis,155,10,5,1536884
FROZEN QUALIA,M'aider,185,5,3,1351681
Yousei Teikoku,Shadow Corps,235,11,3,1029620
ReoNa,ANIMA (TV Size),193,3,3,1211726
Blue Stahli,Shotgun Senorita (Zardonic Remix),175,10,5,65853
M2U,Lunatic Sky,160,2,5,431971
Demetori,"Yuuga ni Sakase, Sumizome no Sakura ~ The Harm of Coming into Existence",185,2,5,1034179
Kano,Walk This Way! (Cut Ver.),260,5,3,1127002
xi,Ascension to Heaven,200,10,5,1301360
Kucchi vs Akki,Yakumo >>JOINT STRUGGLE,187,2,5,688877
Zektbach,Kagachi,170,2,5,894104
The Beatles,It Won't Be Long,133,4,2,1670652
EDOGA-SULLIVAN,WONDERFUL WONDER (TV Size),160,5,3,1280506
HyuN,Illusion of Inflict,170,10,5,968923
IOSYS,Kanbu de Tomatte Sugu Tokeru ~ Kyouki no Udongein,200,2,3,1442363
ZUN,Meiji Juushichi-nen no Shanghai Alice,144,2,5,1229515
SHK,Weep Irish,145,2,5,28545
Red Pulse,Open Your Mind,144,2,6,5298
a_hisa,"Cheshire,s dance",200,6,5,148003
Tanaka Hirokazu,C-TYPE,149.3,2,5,757146
ShinRa-Bansho,Itazura Sensation,192,5,3,1276485
KASAI HARCORES,Trinity Homerun,175,10,5,881996
Hanasaka Yui(CV: M.A.O),Harumachi Clover,142,3,3,652412
Mizuki Nana,VIRGIN CODE,212,5,3,772707
Suzuki Aina,Hikariiro no Uta,188,5,3,1358382
Demetori,Hartmann no Youkai Shoujo ~ Todestrieb und Lebenstrieb,220,2,5,928647
Demetori,"Yuuga ni Sakase, Sumizome no Sakura ~ The Harm of Coming into Existence",185,11,5,1076644
UROBOROS,Black Swallowtail (TV Size),204,3,3,792964
Kairiki bear feat. GUMI,Manemane Psychotropic [Album Ver.],210,4,3,1156937
chano & 40mP,Natsukoi Hanabi,158,4,3,963553
petit milady,Hakone Hakoiri Musume,220,3,3,370467
Toromaru,Enigma,198,10,5,460380
RAISE A SUILEN,HELL! or HELL?,197,4,3,1251944
Ryokuoushoku Shakai,sabotage,162,5,3,1188617
"Pecorine (CV: M.A.O), Kokkoro (CV: Itou Miku), Karyl (CV: Tachibana Rika)",Connecting Happy!!,182,5,3,1699189
nowisee,microser,82.99,5,3,1456710
sokoninaru,Tenohira de odoru,215,11,3,773686
Komiya Mao,(can you) understand me?,185,2,3,409898
EMA,God-ish,142,5,3,1693123
PinocchioP,SLoWMoTIoN,160,5,3,1727589
Horie Yui,The World's End,240,3,3,1726464
Festa,Lemuria,191,10,5,835474
meganeko,Feral (osu! edit),160,10,5,1204383
TUYU,Doro no Bunzai de Watashi dake no Taisetsu o Ubaouda nante,225,5,3,1242733
Yorushika,"Hachigatsu, Bou, Tsukiakari",220,4,3,963814
Kano,Yuudachi no Ribbon,230,4,3,456237
DECO*27,Android Girl feat. Hatsune Miku,192,4,3,966552
Matrix & Futurebound,Fire (feat. Max Marshall),174,10,2,957835
Camellia,Fastest Crash,210,10,5,331025
ayaponzu*,Yakubyougami,210,4,3,501001
Nanaki feat.GUMI,Mousou Kajitsu,200,4,3,524966
Camellia,"werewolf howls. [""Growling"" Long ver.]",222,10,5,970653
Naju & Tute,Despacito (Speed Up Ver.),204.42,4,10,854750
Yorushika,"Hachigatsu, Bou, Tsukiakari",220,4,3,1124086
nameless,Shirayuki,210,4,3,493305
FELT,New World,195,2,3,486207
Yorushika,Songs Compilation,180,4,3,1079354
F-777,Space Battle,200,10,5,992349
Halozy,Kanshou no Matenrou,183,2,3,436799
TUYU,Anoyo-iki no Bus ni Notte Saraba.,240,4,3,1066557
DragonForce,Through the Fire and Flames,200,4,2,382400
Yorushika,Hole In The Heart,200,4,3,1000972
Suzuki Konomi,My Days,200,4,3,861113
Primary,STRUGGLES,200,4,3,1144550
UNDEAD CORPORATION,Yoru Naku Usagi wa Yume o Miru,200,2,3,695743
STAYC,STEREOTYPE,148,5,6,1577308
TUYU,Namikare,204,5,3,1174754
Yousei Teikoku,one,190,4,3,1182149
AliA,impulse,193,4,3,1133470
Kawada Mami,u/n,184,4,3,1142576
Yorushika,Thoughtcrime,200,4,3,1582234
Izumi Akazawa (CV. Madoka Yonezawa),Responsibility Response,202,3,3,420677
yuikonnu,caramel heaven,194,4,3,297969
Aether Realm,Craft and the Creator,130,11,5,1180700
Acathexis,Stillborn // Isolate,190,11,2,1440915
UNDEAD CORPORATION,Put curse on you,140,11,2,1276314
BABYMETAL,Arkadia,200,11,3,1585364
Unlucky Morpheus,Vampir / Opfer,178,11,3,1453257
GEM,Umiyuri Kaiteitan,240,2,3,647452
petit milady,Hakone Hakoiri Musume,220,3,3,374820
THE ORAL CIGARETTES,Sesshoku,196,4,3,839248
Suzuki Aina,Hikariiro no Uta,188,5,3,1307279
Jeff Williams,Rising (feat. Casey Lee Williams) (TV Size),171,3,2,893162
Demetori,Crimson Belvedere ~ Eastern Dream,165,2,5,107565
"Numakura Manami, Seto Asami, Fuchigami Mai",Justability,180,3,3,475886
Native Construct,Mute,100,4,2,951320
KikuoHana,Nobore! Susume! Takai Tou,142,6,3,528821
cosMo@bousouP,Hatsune Miku no Gekishou (LONG VERSION),200,2,3,754464
Equilibrium,Waldschrein,200,11,8,369354
Three,Kuuchuu Bunkai (Pandemic ver.),200,4,3,1205783
Zetsubou Shoujotachi,Zetsubou Restaurant,150,3,3,450762
xi,Happy End of the World,190,10,5,1670918
DM DOKURO,The Devourer of Gods (Nonstop Mix),190,2,5,1205309
MY FIRST STORY feat. chelly (EGOIST),"1,000,000 TIMES",200,4,3,1371312
Mutsuhiko Izumi,Tengoku to Jigoku,195,10,5,1642914
Eisyo-kobu,Oriental Blossom -Eika Shuuei-,180,10,5,1561504
Aether Realm,One Hollow Word,200,11,2,1160797
Native Construct,Mute,100,11,2,1250251
LeaF,Wizdomiot (extended ver.),200,10,5,1220268
LEAF XCEED Music Division,Fur Elisa,185,4,5,1131805
Denkishiki Karen Ongaku Shuudan,I pray,180,2,3,755676
GLORYHAMMER,"Questlords of Inverness, Ride to the Galactic Fortress!",200,11,2,1630218
DragonForce,Heart Demolition,185,11,2,1032444
P.D.P.,A Word To The Wise,200,11,2,890157
Orphaned Land,The Cave,196,11,2,1282925
ShinRa-Bansho,Dramatic Hizakurige,199,2,3,942284
RSP,The First Star,178,5,3,1085908
fhana,Kimi to Iu Tokuiten [singular you],175,5,3,929705
"Nakagawa Kanon (CV: Touyama Nao), Suirenji Ruka (CV: Yamazaki Haruka)",Ringo Ribbon,176,5,3,1452150
nonet,Now On Stage!!,170,5,3,1275018
ClariS,SHIORI,176,3,3,720193
Serena (CV: Makiguchi Mayuki),Dori Dori (TV Size),178,3,3,1152970
Suzuki Konomi,Crossroads,184,4,3,1462930
Kousaka Honoka (CV: Nitta Emi),"Natsuiro Egao de 1, 2, Jump! (HONOKA Mix)",170,3,3,827594
Kano,Dear Brave (TV Size),188,5,3,1709733
Matrix & Futurebound ft. Luke Bingham,All I Know,174,10,2,775765
Silent Siren,Routine,176,5,3,1083437
Nanamori-chu * Goraku-bu,Yuriyurarararayuruyuri Daijiken (TV Size),175,3,3,877973
Feint,The Journey (feat. Veela),172,10,2,1677263
Chata & nayuta,"Yuune Zekka, Ryouran no Sai",165,2,3,114065
KANA-BOON,Baton Road,162,3,3,609700
"3L, mariapolo",WARNING!,164,2,2,282487
la la larks,ego-izm (TV Size),188,3,3,907759
Eir Aoi,Cynthia No Hikari,166,2,3,504005
Mizuki Nana,Exterminate (TV Size),174,3,3,1703958
Demetori,Silent Voyage to Eternity,170,2,5,14309
EGOIST,Namae no Nai Kaibutsu,180,3,3,1419149
Various Artists,Hashire Uma Musume,157,5,3,1438675
Yakushi Ruri,"Oniichan, Motto!",175,2,3,559860
Ito Kanako,Skyclad no Kansokusha,167,2,3,394592
m-flo + Bella Blue,own the sky (el poco maro Remix),174,10,5,356277
Suzuki Konomi,Theater of Life (TV Size),198,3,3,1225615
KISIDA KYODAN & THE AKEBOSI ROCKETS,Yume wa Jikuu o Koete,178,2,3,1002336
Junichi Masuda,Sentou! Champion,185,2,5,528048
RADWIMPS,Zen Zen Zense (movie ver.),190,3,3,513590
Ayase Rie,Yuima-ru * World,180,3,3,1151399
Kurosaki Maon,Gravitation (TV Size),200,4,3,1063169